bookmeter_url,isbn_or_asin,book_title,author,publisher,published_date,exist_in_UTokyo,utokyo_opac
https://bookmeter.com/books/19161,4622016672,科学革命の構造,トーマス・クーン 中山／茂（１９２８―）,みすず書房,1971-01,Yes,https://opac.dl.itc.u-tokyo.ac.jp/opac/opac_openurl?ncid=BN00151566
https://bookmeter.com/books/33489,406132652X,カオスとフラクタル : 非線形の不思議,"山口,昌哉,1925-1998",講談社,198606,Yes,https://opac.dl.itc.u-tokyo.ac.jp/opac/opac_openurl?ncid=BN00587437
https://bookmeter.com/books/405267,406132845X,数学・まだこんなことがわからない : 素数の謎から森理論まで,"吉永,良正,1953-",講談社,199011,No,
https://bookmeter.com/books/2002062,4061177192,相対論はいかにしてつくられたか : アインシュタインの世界,"Barnett,LincolnKinnear 中村,誠太郎",講談社,196807,Yes,https://opac.dl.itc.u-tokyo.ac.jp/opac/opac_openurl?ncid=BN01781796
https://bookmeter.com/books/1921038,4061179071,パズル数学入門 : 楽しみながら学ぶために,藤村幸三郎 田村三郎,講談社,1977-01,Yes,https://opac.dl.itc.u-tokyo.ac.jp/opac/opac_openurl?ncid=BN01793081
https://bookmeter.com/books/1641620,4061181068,数学アイディアパズル : アイディアと推理が決め手,"藤村,幸三郎,1903-1983 松田,道雄,1906-",講談社,198207,Yes,https://opac.dl.itc.u-tokyo.ac.jp/opac/opac_openurl?ncid=BN01811831
https://bookmeter.com/books/161293,4061329456,無限の不思議 : その先に何がある!?,"仲田,紀夫,1925-",講談社,199212,Yes,https://opac.dl.itc.u-tokyo.ac.jp/opac/opac_openurl?ncid=BN08459984
https://bookmeter.com/books/25382,4062573865,素数入門 : 計算しながら理解できる,"芹沢,正三,1920-2017",講談社,200210,Yes,https://opac.dl.itc.u-tokyo.ac.jp/opac/opac_openurl?ncid=BA59105750
https://bookmeter.com/books/17301,4062574292,数学21世紀の7大難問 : 数学の未来をのぞいてみよう,"中村,亨,1963-",講談社,200401,Yes,https://opac.dl.itc.u-tokyo.ac.jp/opac/opac_openurl?ncid=BA65341827
https://bookmeter.com/books/148864,4062570742,フェルマーの大定理が解けた! : オイラーからワイルズの証明まで,"足立,恒雄,1941-",講談社,199506,Yes,https://opac.dl.itc.u-tokyo.ac.jp/opac/opac_openurl?ncid=BN12725516
https://bookmeter.com/books/230535,4061326937,量子力学の考え方 : 相対性理論よりおもしろい,"Polkinghorne,J.C,1930- 宮崎,忠,1941-",講談社,198707,Yes,https://opac.dl.itc.u-tokyo.ac.jp/opac/opac_openurl?ncid=BN01850287
https://bookmeter.com/books/371283,4062570122,量子力学が語る世界像 : 重なり合う複数の過去と未来,"和田,純夫,1949-",講談社,199404,Yes,https://opac.dl.itc.u-tokyo.ac.jp/opac/opac_openurl?ncid=BN10586383
https://bookmeter.com/books/470297,4062573806,四次元の世界 : 超空間から相対性理論へ,"都筑,卓司,1928-2002",講談社,200208,Yes,https://opac.dl.itc.u-tokyo.ac.jp/opac/opac_openurl?ncid=BA5829165X
https://bookmeter.com/books/13151495,406512929X,古事記異聞 [2],"高田,崇史,1958-",講談社,201810,No,
https://bookmeter.com/books/551691,4121006240,理科系の作文技術,木下是雄,中央公論社,1981-09,Yes,https://opac.dl.itc.u-tokyo.ac.jp/opac/opac_openurl?ncid=BN00624169
https://bookmeter.com/books/547797,4062879816,日本語論理トレーニング : 正しく読み、深く考える,"中井,浩一,1954-",講談社,200902,Yes,https://opac.dl.itc.u-tokyo.ac.jp/opac/opac_openurl?ncid=BA89031981
https://bookmeter.com/books/46731,4480057102,「考える」ための小論文,西研／著 森下育彦／著,筑摩書房,19970101,No,
https://bookmeter.com/books/76411,4480057897,文章添削トレーニング : 八つの原則,"古郡, 廷治, 1939-,古郡廷治 著",筑摩書房,"Tue, 1 Mar 2005 08:59:59 +0900",No,
https://bookmeter.com/books/11198136,4334039502,ケトン食ががんを消す,"古川,健司,1967-",光文社,201610,No,
https://bookmeter.com/books/237078,4393323289,現代唯名論の構築 : 歴史の哲学への応用,"中山,康雄,1952- 丹治,信春,1949-",春秋社,200907,Yes,https://opac.dl.itc.u-tokyo.ac.jp/opac/opac_openurl?ncid=BA90899719
https://bookmeter.com/books/12017951,4326154489,自然主義入門 = An Introduction to Naturalism : 知識・道徳・人間本性をめぐる現代哲学ツアー,"植原,亮",勁草書房,201707,Yes,https://opac.dl.itc.u-tokyo.ac.jp/opac/opac_openurl?ncid=BB24205042
https://bookmeter.com/books/446796,4326152001,言語哲学大全. 1 (論理と言語),"飯田,隆,1948-",勁草書房,198710,Yes,https://opac.dl.itc.u-tokyo.ac.jp/opac/opac_openurl?ncid=BN01765122
https://bookmeter.com/books/17441,4782800177,ウィトゲンシュタインのパラドックス : 規則・私的言語・他人の心,"ソール,A.クリプキ 黒崎,宏",産業図書,1983-10,Yes,https://opac.dl.itc.u-tokyo.ac.jp/opac/opac_openurl?ncid=BN09556330
https://bookmeter.com/books/517718,4140019549,論文の教室 : レポートから卒論まで,"戸田山,和久,1958-",日本放送出版協会,200211,Yes,https://opac.dl.itc.u-tokyo.ac.jp/opac/opac_openurl?ncid=BA59738655
https://bookmeter.com/books/557283,4150309930,機龍警察,"月村,了衛",早川書房,201003,No,
https://bookmeter.com/books/5342120,486182396X,《日本の思想》講義,仲正昌樹／著,作品社,20120808,Yes,https://opac.dl.itc.u-tokyo.ac.jp/opac/opac_openurl?ncid=BB09992203
https://bookmeter.com/books/12733314,4150121788,われらはレギオン. 1,"Taylor,DennisE 金子,浩,1958-",早川書房,201804,No,
https://bookmeter.com/books/12733,4326153296,言語ゲーム一元論 : 後期ウィトゲンシュタインの帰結,"黒崎,宏,1928-",勁草書房,199712,Yes,https://opac.dl.itc.u-tokyo.ac.jp/opac/opac_openurl?ncid=BA34089563
https://bookmeter.com/books/580727,4150307687,象られた力,"飛,浩隆,1960-",早川書房,200409,No,
https://bookmeter.com/books/19558497,4150315221,2084年のSF,日本SF作家クラブ,早川書房,202205,No,
https://bookmeter.com/books/11463060,4480069429,知のスクランブル 文理的思考の挑戦,日本大学文理学部／編集,筑摩書房,20170206,No,
https://bookmeter.com/books/2636144,4061181564,あいまいさを科学する : トワイライト・カテゴリーへの招待,"林,知己夫,1918-2002",講談社,198401,Yes,https://opac.dl.itc.u-tokyo.ac.jp/opac/opac_openurl?ncid=BN01818069
https://bookmeter.com/books/553187,4061457888,現代思想のキイ・ワード,"今村,仁司,1942-2007",講談社,198509,Yes,https://opac.dl.itc.u-tokyo.ac.jp/opac/opac_openurl?ncid=BN02985714
https://bookmeter.com/books/24657,4121002121,日本文学史 : 近代から現代へ,奥野健男,中央公論社,1970,Yes,https://opac.dl.itc.u-tokyo.ac.jp/opac/opac_openurl?ncid=BN01832285
https://bookmeter.com/books/392940,4004140331,日本の近代小説,"中村,光夫",岩波書店,201410,Yes,https://opac.dl.itc.u-tokyo.ac.jp/opac/opac_openurl?ncid=BN01891444
https://bookmeter.com/books/574965,4061488988,はじめての構造主義,"橋爪,大三郎,1948-",講談社,198805,Yes,https://opac.dl.itc.u-tokyo.ac.jp/opac/opac_openurl?ncid=BN02243701
https://bookmeter.com/books/6956038,4062882191,宇宙はなぜこのような宇宙なのか : 人間原理と宇宙論,"青木,薫,1956-",講談社,201307,Yes,https://opac.dl.itc.u-tokyo.ac.jp/opac/opac_openurl?ncid=BB12986195
https://bookmeter.com/books/113570,4121005759,時間のパラドックス,中村秀吉,中央公論社,1980-05,Yes,https://opac.dl.itc.u-tokyo.ac.jp/opac/opac_openurl?ncid=BN00353414
https://bookmeter.com/books/522612,4121005937,逆説論理学,"野崎,昭弘",中央公論新社,200603,Yes,https://opac.dl.itc.u-tokyo.ac.jp/opac/opac_openurl?ncid=BN00624045
https://bookmeter.com/books/526112,4121002970,パラドックス,中村秀吉,中央公論新社,1972-01,Yes,https://opac.dl.itc.u-tokyo.ac.jp/opac/opac_openurl?ncid=BN01836242
https://bookmeter.com/books/4658503,448006642X,日本近代史,坂野潤治／著,筑摩書房,20120301,Yes,https://opac.dl.itc.u-tokyo.ac.jp/opac/opac_openurl?ncid=BB08555666
https://bookmeter.com/books/5635614,4062577984,ヒッグス粒子の発見 : 理論的予測と探究の全記録,"Sample,Ian 上原,昌子",講談社,201302,Yes,https://opac.dl.itc.u-tokyo.ac.jp/opac/opac_openurl?ncid=BB11749977
https://bookmeter.com/books/458869,4061329758,超能力ははたしてあるか : 科学vs.超能力,"大槻,義彦,1936-",講談社,199307,Yes,https://opac.dl.itc.u-tokyo.ac.jp/opac/opac_openurl?ncid=BN09395650
https://bookmeter.com/books/476909,4062575116,「複雑ネットワーク」とは何か : 複雑な関係を読み解く新しいアプローチ,"増田,直紀 今野,紀雄,1957-",講談社,200602,Yes,https://opac.dl.itc.u-tokyo.ac.jp/opac/opac_openurl?ncid=BA75628046
https://bookmeter.com/books/405268,4061329472,"ゲーデル・不完全性定理 : ""理性の限界""の発見","吉永,良正,1953-",講談社,199212,Yes,https://opac.dl.itc.u-tokyo.ac.jp/opac/opac_openurl?ncid=BN08460054
https://bookmeter.com/books/577475,4061492861,哲学の謎,"野矢,茂樹,1954-",講談社,199601,Yes,https://opac.dl.itc.u-tokyo.ac.jp/opac/opac_openurl?ncid=BN13761311
https://bookmeter.com/books/1327416,4061328077,地図の科学 : よい地図・わるい地図,"堀,淳一,1926-2017",講談社,199001,Yes,https://opac.dl.itc.u-tokyo.ac.jp/opac/opac_openurl?ncid=BN04239738
https://bookmeter.com/books/572427,4004303036,言語学とは何か,"田中,克彦,1934-",岩波書店,199310,Yes,https://opac.dl.itc.u-tokyo.ac.jp/opac/opac_openurl?ncid=BN11181117
https://bookmeter.com/books/1125892,4061329502,カードの科学 : 磁気からICへカードは進化する,"瀬川,至朗,1954-",講談社,199301,Yes,https://opac.dl.itc.u-tokyo.ac.jp/opac/opac_openurl?ncid=BN08518427
https://bookmeter.com/books/5290,4062574691,量子コンピュータ : 超並列計算のからくり,"竹内,繁樹,1968-",講談社,200502,Yes,https://opac.dl.itc.u-tokyo.ac.jp/opac/opac_openurl?ncid=BA70859653
https://bookmeter.com/books/769323,4062570556,情報セキュリティの科学 : マジック・プロトコルへの招待,"太田,和夫,1954-",講談社,199502,Yes,https://opac.dl.itc.u-tokyo.ac.jp/opac/opac_openurl?ncid=BN12120093
https://bookmeter.com/books/429415,4062574233,史上最強の論理パズル : ポイントを見抜く力を養う60問,"小野田,博一",講談社,200311,Yes,https://opac.dl.itc.u-tokyo.ac.jp/opac/opac_openurl?ncid=BA64515092
https://bookmeter.com/books/1804004,4480056971,イントラネット : 企業と地域の情報革命,"中島, 洋, 1947-,中島洋 著",筑摩書房,"Tue, 5 Feb 2002 03:28:00 +0900",No,
https://bookmeter.com/books/373368,4061455001,タテ社会の力学,"中根,千枝",講談社,199409,Yes,https://opac.dl.itc.u-tokyo.ac.jp/opac/opac_openurl?ncid=BN01338176
https://bookmeter.com/books/549578,4061488716,言葉と無意識,"丸山,圭三郎,1933-1993",講談社,198710,Yes,https://opac.dl.itc.u-tokyo.ac.jp/opac/opac_openurl?ncid=BN02036718
https://bookmeter.com/books/42923,4061177206,統計でウソをつく法　：　数式を使わない統計学入門,ダレル・ハフ 高木秀玄 ダレル・ハフ 高木秀玄,講談社,1968-01,Yes,https://opac.dl.itc.u-tokyo.ac.jp/opac/opac_openurl?ncid=BN00864468
https://bookmeter.com/books/20522564,4315526657,サイエンス・ファクト : 科学的根拠が信頼できない訳,"Leng,G.(Gareth) Leng,RhodriIvor 塚本,浩司,1961- ほか",ニュートンプレス,202302,Yes,https://opac.dl.itc.u-tokyo.ac.jp/opac/opac_openurl?ncid=BD0037897X
https://bookmeter.com/books/20348212,4315526401,科学の哲学 : 世界を一変したブレイクスルーの思考法,"Strevens,Michael 中島,秀人,1956- 岡嶋,由紀",ニュートンプレス,202212,No,
https://bookmeter.com/books/394712,4121500881,なぜ教育論争は不毛なのか : 学力論争を超えて,"苅谷,剛彦,1955-",中央公論新社,200305,Yes,https://opac.dl.itc.u-tokyo.ac.jp/opac/opac_openurl?ncid=BA62037772
https://bookmeter.com/books/424690,4061497634,ソシュールと言語学 : コトバはなぜ通じるのか,"町田,健,1957-",講談社,200412,Yes,https://opac.dl.itc.u-tokyo.ac.jp/opac/opac_openurl?ncid=BA70044944
https://bookmeter.com/books/483519,4061155059,タテ社会の人間関係,"中根,千枝",講談社,1967-01,Yes,https://opac.dl.itc.u-tokyo.ac.jp/opac/opac_openurl?ncid=BN01337005
https://bookmeter.com/books/11269,448008049X,名文,"中村, 明, 1935-,中村明 著",筑摩書房,"Wed, 25 Aug 1993 09:00:00 +0900",No,
https://bookmeter.com/books/386997,4480086129,文章表現　四〇〇字からのレッスン,梅田卓夫／著,筑摩書房,20010201,Yes,https://opac.dl.itc.u-tokyo.ac.jp/opac/opac_openurl?ncid=BA50668492
https://bookmeter.com/books/11055,4480090428,悪文―裏返し文章読本 (ちくま学芸文庫),Akira Nakamura,"ToÌ„kyoÌ„ : Chikuma ShoboÌ„, 2007.",2007-01-01,No,
https://bookmeter.com/books/11691,4004303400,日本語の起源,"大野,晋,1919-2008",岩波書店,199406,Yes,https://opac.dl.itc.u-tokyo.ac.jp/opac/opac_openurl?ncid=BN10854857
https://bookmeter.com/books/467391,4121015169,ネットワーク社会の深層構造 : 「薄口」の人間関係へ,"江下,雅之,1959-",中央公論新社,200001,Yes,https://opac.dl.itc.u-tokyo.ac.jp/opac/opac_openurl?ncid=BA44915258
https://bookmeter.com/books/382527,4121004337,日本語の個性,"外山,滋比古",中央公論新社,197605,Yes,https://opac.dl.itc.u-tokyo.ac.jp/opac/opac_openurl?ncid=BN02349746
https://bookmeter.com/books/4048992,4062577380,物理数学の直観的方法 : 理工系で学ぶ数学「難所突破」の特効薬,"長沼,伸一郎,1961-",講談社,201109,Yes,https://opac.dl.itc.u-tokyo.ac.jp/opac/opac_openurl?ncid=BB0677041X
https://bookmeter.com/books/15052078,4791772490,なぜ時間は存在しないのか,"Barbour,JulianB 川崎,秀高,1947- 高良,富夫,1952-",青土社,202002,Yes,https://opac.dl.itc.u-tokyo.ac.jp/opac/opac_openurl?ncid=BB29664896
https://bookmeter.com/books/203045,4326152796,言語行為の現象学,"野家,啓一,1949-",勁草書房,199309,Yes,https://opac.dl.itc.u-tokyo.ac.jp/opac/opac_openurl?ncid=BN09607996
https://bookmeter.com/books/214616,432615280X,無根拠からの出発,"野家,啓一,1949-",勁草書房,199309,Yes,https://opac.dl.itc.u-tokyo.ac.jp/opac/opac_openurl?ncid=BN09660489
https://bookmeter.com/books/410107,4124035284,哲学の歴史 第11巻(20世紀 2),"飯田,隆,1948-",中央公論新社,200704,Yes,https://opac.dl.itc.u-tokyo.ac.jp/opac/opac_openurl?ncid=BA81442585
https://bookmeter.com/books/11572966,4389420720,フッサール,"加藤,精司,1931-",清水書院,201509,No,
https://bookmeter.com/books/50282,4588436104,近代日本語の思想 翻訳文体成立事情,柳父章／著,法政大学出版局,20041101,Yes,https://opac.dl.itc.u-tokyo.ac.jp/opac/opac_openurl?ncid=BA69809363
https://bookmeter.com/books/479694,4480081216,レポートの組み立て方,木下是雄／著,筑摩書房,19940101,Yes,https://opac.dl.itc.u-tokyo.ac.jp/opac/opac_openurl?ncid=BN10409559
https://bookmeter.com/books/643517,4309410391,社会は情報化の夢を見る,"佐藤,俊樹,1963-",河出書房新社,201009,Yes,https://opac.dl.itc.u-tokyo.ac.jp/opac/opac_openurl?ncid=BB03303542
https://bookmeter.com/books/572115,4022608080,Writing technology of Japanese (Asahi Bunko) [Paperback Bunko],,Asahi Shimbun Publishing,,Yes,https://opac.dl.itc.u-tokyo.ac.jp/opac/opac_openurl?ncid=BN02589987
https://bookmeter.com/books/399115,4334785093,人はなぜ歴史を偽造するのか,"長山,靖生,1962-",光文社,200807,No,
https://bookmeter.com/books/517464,4480423133,趣味は読書。,"斉藤, 美奈子, 1956-,斎藤美奈子 著",筑摩書房,"Sat, 18 Nov 2023 18:35:10 +0900",No,
https://bookmeter.com/books/554451,4062574438,「分かりやすい文章」の技術 : 読み手を説得する18のテクニック,"藤沢,晃治",講談社,200405,Yes,https://opac.dl.itc.u-tokyo.ac.jp/opac/opac_openurl?ncid=BA67014639
https://bookmeter.com/books/489797,4480056599,読み書きの技法,"小河原, 誠, 1947-,小河原誠 著",筑摩書房,"Tue, 30 Jul 1996 09:00:00 +0900",No,
https://bookmeter.com/books/541837,4061498703,技術の伝え方 : 組織を強くする,"畑村,洋太郎,1941-",講談社,200612,Yes,https://opac.dl.itc.u-tokyo.ac.jp/opac/opac_openurl?ncid=BA79784848
https://bookmeter.com/books/548375,4004304652,現代社会の理論 : 情報化・消費化社会の現在と未来,"見田,宗介,1937-2022",岩波書店,199610,Yes,https://opac.dl.itc.u-tokyo.ac.jp/opac/opac_openurl?ncid=BN15204076
https://bookmeter.com/books/5258268,404110307X,都市と消費とディズニーの夢 : ショッピングモーライゼーションの時代,"速水,健朗",角川グループパブリッシング,201208,No,
https://bookmeter.com/books/1439166,4004200431,数の体系 下,"弥永,昌吉(1906-2006)",岩波書店,1972-01,Yes,https://opac.dl.itc.u-tokyo.ac.jp/opac/opac_openurl?ncid=BN00682529
https://bookmeter.com/books/537276,4004150922,論文の書き方,"清水,幾太郎",岩波書店,199012,Yes,https://opac.dl.itc.u-tokyo.ac.jp/opac/opac_openurl?ncid=BB18464909
https://bookmeter.com/books/62348,433403473X,文章は接続詞で決まる,"石黒,圭",光文社,200809,Yes,https://opac.dl.itc.u-tokyo.ac.jp/opac/opac_openurl?ncid=BA87268094
https://bookmeter.com/books/564035,4061492934,「時間」を哲学する : 過去はどこへ行ったのか,"中島,義道,1946-",講談社,199603,No,
https://bookmeter.com/books/521473,4061496387,時間は実在するか,"入不二,基義,1958-",講談社,200212,Yes,https://opac.dl.itc.u-tokyo.ac.jp/opac/opac_openurl?ncid=BA59922960
https://bookmeter.com/books/12936908,4065120934,「がん」はなぜできるのか : そのメカニズムからゲノム医療まで,国立がんセンター研究所,講談社,201806,Yes,https://opac.dl.itc.u-tokyo.ac.jp/opac/opac_openurl?ncid=BB26305059
https://bookmeter.com/books/10901,4772004289,記号論と言語哲学,"Eco,Umberto,1932-2016 谷口,勇,1936-",国文社,199611,Yes,https://opac.dl.itc.u-tokyo.ac.jp/opac/opac_openurl?ncid=BN15499923
https://bookmeter.com/books/311559,4326153598,時間の本性,"植村,恒一郎,1951-",勁草書房,200201,Yes,https://opac.dl.itc.u-tokyo.ac.jp/opac/opac_openurl?ncid=BA55085607
https://bookmeter.com/books/165255,4130151606,心の計算理論,徃住彰文／著,東京大学出版会,20071201,Yes,https://opac.dl.itc.u-tokyo.ac.jp/opac/opac_openurl?ncid=BA84204029
https://bookmeter.com/books/209655,4326199253,シリーズ心の哲学 2(ロボット篇),"信原,幸弘,1954-",勁草書房,200407,Yes,https://opac.dl.itc.u-tokyo.ac.jp/opac/opac_openurl?ncid=BA68082678
https://bookmeter.com/books/256029,4326153679,時間論の構築,"中山,康雄,1952-",勁草書房,200301,Yes,https://opac.dl.itc.u-tokyo.ac.jp/opac/opac_openurl?ncid=BA60466053
https://bookmeter.com/books/272025,4788511746,認知哲学 心と脳のエピステモロジー,山口裕之／著,新曜社,20090904,Yes,https://opac.dl.itc.u-tokyo.ac.jp/opac/opac_openurl?ncid=BA91451990
https://bookmeter.com/books/2169634,4061181920,数学歴史パズル : 数学者も頭をひねった75問,"藤村,幸三郎,1903-1983 田村,三郎,1927-2013",講談社,198501,Yes,https://opac.dl.itc.u-tokyo.ac.jp/opac/opac_openurl?ncid=BN01821460
https://bookmeter.com/books/1197139,4061328492,コンピュータ物理の世界 : 三体問題からカオス、ソリトンまで,"神原,武志,1940-",講談社,199101,Yes,https://opac.dl.itc.u-tokyo.ac.jp/opac/opac_openurl?ncid=BN05725221
https://bookmeter.com/books/98008,4061181823,DNA学のすすめ : 躍動する生命の二重らせん,"柳田,充弘,1941-",講談社,198410,Yes,https://opac.dl.itc.u-tokyo.ac.jp/opac/opac_openurl?ncid=BN01820956
https://bookmeter.com/books/407723,4062576805,質量はどのように生まれるのか : 素粒子物理最大のミステリーに迫る,"橋本,省二",講談社,201004,Yes,https://opac.dl.itc.u-tokyo.ac.jp/opac/opac_openurl?ncid=BB01769592
https://bookmeter.com/books/490555,4062573326,集合とはなにか : はじめて学ぶ人のために,"竹内,外史,1926-2017",講談社,200105,Yes,https://opac.dl.itc.u-tokyo.ac.jp/opac/opac_openurl?ncid=BA51957098
https://bookmeter.com/books/478482,4062574705,高校数学でわかるシュレディンガー方程式 : 量子力学を学びたい人、ほんとうに理解したい人へ,"竹内,淳,1960-",講談社,200503,Yes,https://opac.dl.itc.u-tokyo.ac.jp/opac/opac_openurl?ncid=BA71291064
https://bookmeter.com/books/59658,4062570440,宇宙論の危機 : 新しい観測事実に揺れる現代宇宙論の最前線,"Lemonick,MichaelD,1953- 小林,健一郎,1959-",講談社,199411,Yes,https://opac.dl.itc.u-tokyo.ac.jp/opac/opac_openurl?ncid=BN1163020X
https://bookmeter.com/books/2215377,4061329049,数学パズルランド : 身近な素材でパズる,"田村,三郎,1927-2013",講談社,199201,Yes,https://opac.dl.itc.u-tokyo.ac.jp/opac/opac_openurl?ncid=BN07104644
https://bookmeter.com/books/402072,4588436090,翻訳とはなにか 日本語と翻訳文化,柳父章／著,法政大学出版局,20030501,No,
https://bookmeter.com/books/1507487,4892270385,真理への反逆 : 知識と行為の哲学,"河本, 英夫, 1953-,一ノ瀬, 正樹, 1957-,瀬戸, 一夫, 1959-,河本英夫, 一ノ瀬正樹 編,瀬戸一夫 [ほか]共著",富士書店,"Tue, 27 Dec 1994 09:00:00 +0900",No,
https://bookmeter.com/books/71644,4875251742,数学・基礎の基礎,廣瀬健／著,海鳴社,19960601,Yes,https://opac.dl.itc.u-tokyo.ac.jp/opac/opac_openurl?ncid=BN14541263
https://bookmeter.com/books/1514220,4622050196,私の哲学の発展,"Russell,Bertrand,1872-1970 野田,又夫,1910-2004",みすず書房,199709,No,
https://bookmeter.com/books/369756,4062584220,時間の正体 : デジャブ・因果論・量子論,"郡司,ペギオ幸夫,1959-",講談社,200809,Yes,https://opac.dl.itc.u-tokyo.ac.jp/opac/opac_openurl?ncid=BA87122791
https://bookmeter.com/books/3305599,4768703917,ゲーデル不完全性発見への道,"北田,均",現代数学社,201105,Yes,https://opac.dl.itc.u-tokyo.ac.jp/opac/opac_openurl?ncid=BB05936244
https://bookmeter.com/books/6506577,4535786976,フレーゲ・デデキント・ペアノを読む : 現代における自然数論の成立,"足立,恒雄,1941-",日本評論社,201304,Yes,https://opac.dl.itc.u-tokyo.ac.jp/opac/opac_openurl?ncid=BB12196909
https://bookmeter.com/books/458508,406274354X,デリダ : 脱構築,"高橋,哲哉,1956-",講談社,200307,Yes,https://opac.dl.itc.u-tokyo.ac.jp/opac/opac_openurl?ncid=BA62830769
https://bookmeter.com/books/58138,4826900872,ゲーデルは何を証明したか : 数学から超数学へ,"Nagel,Ernest,1901-1985 Newman,JamesRoy,1907-1966 ほか",白揚社,199903,Yes,https://opac.dl.itc.u-tokyo.ac.jp/opac/opac_openurl?ncid=BA40783610
https://bookmeter.com/books/382691,4326199156,言葉と心 : 全体論からの挑戦,"中山,康雄,1952-",勁草書房,200701,Yes,https://opac.dl.itc.u-tokyo.ac.jp/opac/opac_openurl?ncid=BA80260425
https://bookmeter.com/books/3796,4393323130,四次元主義の哲学 : 持続と時間の存在論,"Sider,Theodore 中山,康雄,1952- 小山,虎 齋藤,暢人 鈴木,生郎 ほか",春秋社,200710,Yes,https://opac.dl.itc.u-tokyo.ac.jp/opac/opac_openurl?ncid=BA83650528
https://bookmeter.com/books/6453490,4771024111,プラグマティズム : 限りなき探究,"Putnam,Hilary,1926- 高頭,直樹,1949-",晃洋書房,201302,Yes,https://opac.dl.itc.u-tokyo.ac.jp/opac/opac_openurl?ncid=BB12010680
https://bookmeter.com/books/125990,4790713679,知識と実在 : 心と世界についての分析哲学,"中才,敏郎,1948- 美濃,正",世界思想社,200810,Yes,https://opac.dl.itc.u-tokyo.ac.jp/opac/opac_openurl?ncid=BA87454146
https://bookmeter.com/books/1096235,4588003380,アインシュタインと科学革命,L.S.フォイヤー／著 村上陽一郎／訳 成定薫／訳 大谷隆昶／訳,法政大学出版局,19910701,Yes,https://opac.dl.itc.u-tokyo.ac.jp/opac/opac_openurl?ncid=BN0655086X
https://bookmeter.com/books/519368,4791753194,文明のなかの科学,"村上,陽一郎,1936-",青土社,199409,Yes,https://opac.dl.itc.u-tokyo.ac.jp/opac/opac_openurl?ncid=BN10930751
https://bookmeter.com/books/654309,4622039389,数学における発明の心理,"Hadamard,Jacques,1865-1963 伏見,康治,1909-2008",みすず書房,199012,Yes,https://opac.dl.itc.u-tokyo.ac.jp/opac/opac_openurl?ncid=BN05739736
https://bookmeter.com/books/224387,478850488X,間違いだらけの学習論 : なぜ勉強が身につかないか,"西林,克彦,1944-",新曜社,199405,Yes,https://opac.dl.itc.u-tokyo.ac.jp/opac/opac_openurl?ncid=BN10716343
https://bookmeter.com/books/360170,4335650841,注釈「甘え」の構造,"土居,健郎,1920-2009",弘文堂,199309,No,
https://bookmeter.com/books/362363,4152085894,量子のからみあう宇宙 : 天才物理学者を悩ませた素粒子の奔放な振る舞い,"Aczel,AmirD 水谷,淳,1970-",早川書房,200408,Yes,https://opac.dl.itc.u-tokyo.ac.jp/opac/opac_openurl?ncid=BA68628895
https://bookmeter.com/books/567092,4622080311,磁力と重力の発見 1,"山本,義隆,1941-",みすず書房,200305,Yes,https://opac.dl.itc.u-tokyo.ac.jp/opac/opac_openurl?ncid=BA62206880
https://bookmeter.com/books/11286,4621049658,科学哲学のすすめ,"高橋,昌一郎,1959-",丸善,200201,Yes,https://opac.dl.itc.u-tokyo.ac.jp/opac/opac_openurl?ncid=BA55310157
https://bookmeter.com/books/500635,4062743582,ウィトゲンシュタイン : 言語の限界,"飯田,隆,1948-",講談社,200512,Yes,https://opac.dl.itc.u-tokyo.ac.jp/opac/opac_openurl?ncid=BA7492052X
https://bookmeter.com/books/8653536,4480016120,現象学という思考,田口茂／著,筑摩書房,20141201,Yes,https://opac.dl.itc.u-tokyo.ac.jp/opac/opac_openurl?ncid=BB17410879
https://bookmeter.com/books/75361,4000268945,論理学,"Priest,Graham 菅沼,聡",岩波書店,200802,Yes,https://opac.dl.itc.u-tokyo.ac.jp/opac/opac_openurl?ncid=BA84845012
https://bookmeter.com/books/17005467,4140912669,はじめてのウィトゲンシュタイン,"古田,徹也,1979-",NHK出版,202012,Yes,https://opac.dl.itc.u-tokyo.ac.jp/opac/opac_openurl?ncid=BC04750179
https://bookmeter.com/books/1822144,4000255584,量子論と物理学の分裂 : W・W・バートリー三世編『科学的発見への論理へのポストスクリプト』より,"Popper,KarlRaimund,1902-1994 小河原,誠,1947- 蔭山,泰之,1961- ほか",岩波書店,200311,Yes,https://opac.dl.itc.u-tokyo.ac.jp/opac/opac_openurl?ncid=BA64730288
https://bookmeter.com/books/759685,4806109959,面白くてやめられない論理パズル,"小野田, 博一,小野田博一 著",中経出版,"Mon, 25 Aug 1997 09:00:00 +0900",No,
https://bookmeter.com/books/415088,4152084022,「無限」に魅入られた天才数学者たち,"Aczel,AmirD 青木,薫,1956-",早川書房,200202,Yes,https://opac.dl.itc.u-tokyo.ac.jp/opac/opac_openurl?ncid=BA55960221
https://bookmeter.com/books/387524,4000079727,線形代数,"藤原,毅夫,1944-",岩波書店,199601,Yes,https://opac.dl.itc.u-tokyo.ac.jp/opac/opac_openurl?ncid=BN13687558
https://bookmeter.com/books/112201,4130626108,解析力学・量子論,須藤靖／著,東京大学出版会,20080901,Yes,https://opac.dl.itc.u-tokyo.ac.jp/opac/opac_openurl?ncid=BA87135829
https://bookmeter.com/books/274287,4768703550,線型代数と固有値問題 : スペクトル分解を中心に,"笠原, 晧司, 1932-,笠原晧司 著",現代数学社,"Thu, 19 May 2005 23:51:26 +0900",Yes,https://opac.dl.itc.u-tokyo.ac.jp/opac/opac_openurl?ncid=BA71723351
https://bookmeter.com/books/270274,4000068792,行列と行列式,"砂田,利一,1948-",岩波書店,200310,Yes,https://opac.dl.itc.u-tokyo.ac.jp/opac/opac_openurl?ncid=BA63999914
https://bookmeter.com/books/4644649,4152092750,ＳＦが読みたい！ ２０１２年版,早川書房,早川書房,2012-2-15,No,
https://bookmeter.com/books/8150686,4532511992,量子の逆説,細谷‖暁夫 細谷‖暁夫 谷村‖省吾 古田‖彩 日経サイエンス 井元‖信之 Ａｈａｒｏｎｏｖ‖Ｙａｋｉｒ古田‖彩 ほか,日本経済新聞出版社（発売）,2014-06,Yes,https://opac.dl.itc.u-tokyo.ac.jp/opac/opac_openurl?ncid=BB1587828X
https://bookmeter.com/books/5404864,4532511860,実在とは何か?,,日本経済新聞出版社(発売),201208,Yes,https://opac.dl.itc.u-tokyo.ac.jp/opac/opac_openurl?ncid=BB09959263
https://bookmeter.com/books/4661545,489637388X,これでいいのか東京都八王子市&多摩ニュータウン : 土着民、ニュータウン族、学生の相容れない関係,"岡島,慎二 鈴木,ユータ,1982-",マイクロマガジン社,201203,No,
https://bookmeter.com/books/10661497,4789510166,七訂食品成分表,"香川, 芳子,香川, 明夫,香川芳子監修",女子栄養大学出版部,"Fri, 29 Mar 2024 09:07:28 +0900",Yes,https://opac.dl.itc.u-tokyo.ac.jp/opac/opac_openurl?ncid=BB29626285
https://bookmeter.com/books/7389079,4062186497,高雄病院「糖質制限給食」朝昼夕14日間完全プログラム : 糖尿病・肥満改善が自宅でできる!,"江部,康二,1950-",講談社,201311,No,
https://bookmeter.com/books/4700259,4062176246,糖尿病・肥満を克服する高雄病院の「糖質制限」給食,"江部,康二,1950-",講談社,201204,No,
https://bookmeter.com/books/5755359,4492044868,糖質制限の「主食もどき」レシピ,"江部,康二,1950-",東洋経済新報社,201302,No,
https://bookmeter.com/books/12024504,459461177X,殿堂入りレシピも大公開!クックパッドの糖質オフのつくりおき,,扶桑社,201707,No,
https://bookmeter.com/books/2301396,4789514323,大腸がん手術後の100日レシピ,森谷冝皓／医療解説 桑原節子／栄養指導 重野佐和子／レシピ・料理作成,女子栄養大学出版部,20101001,No,
https://bookmeter.com/books/12379918,4791713559,現代思想,,青土社,"Mon, 14 Feb 2022 00:00:00 +0900",No,
https://bookmeter.com/books/11465245,4791713362,現代思想,,青土社,"Tue, 15 Feb 2022 00:00:00 +0900",No,
https://bookmeter.com/books/9760158,4791713028,特集いまなぜプラグマティズムか,,青土社,201507,No,
https://bookmeter.com/books/213300,4791711602,現代思想,,青土社,"Sat, 10 Jun 2017 09:00:00 +0900",No,
https://bookmeter.com/books/18307859,4791714172,特集...自由意志,,,,No,
https://bookmeter.com/books/5569539,4791712528,チューリング : 総特集 = A. M. Turing,,青土社,201210,No,
https://bookmeter.com/books/4491902,4791712382,Not_found_in_GoogleBooks,Not_found_in_GoogleBooks,Not_found_in_GoogleBooks,Not_found_in_GoogleBooks,No,
https://bookmeter.com/books/4792196,4791712447,大阪 : 特集,,青土社,"Fri, 29 Mar 2024 09:07:28 +0900",No,
https://bookmeter.com/books/4709107,4791712439,特集教育のリアル : 競争・格差・就活,,青土社,"Fri, 29 Mar 2024 09:07:28 +0900",No,
https://bookmeter.com/books/4597980,4791712404,Not_found_in_GoogleBooks,Not_found_in_GoogleBooks,Not_found_in_GoogleBooks,Not_found_in_GoogleBooks,No,
https://bookmeter.com/books/4653232,4791712420,現代思想,"山田/真,オガワラ,リツカ,ナカテ,セイイチ,早尾/貴紀,糸長/浩司,今中/哲二,小沢/祥司,菅井/益郎,中井/久夫,森川/すいめい,山田/昭義,ワタナベ,オサム,キノシタ,チガヤ,岡田/知弘,平野/健,若林/千代,森崎/和江,山形/孝夫,西谷/修,加藤/尚武,塚原/東吾,樫村/愛子,川村/湊,美馬/達哉",青土社,"Tue, 1 Nov 2022 09:00:00 +0900",No,
https://bookmeter.com/books/15923382,4791713982,特集汎心論 : 21世紀の心の哲学,,青土社,"Fri, 29 Mar 2024 09:07:28 +0900",No,
https://bookmeter.com/books/443412,4431710795,オイラー入門,"Dunham,William,1947- 黒川,信重,1952- 若山,正人,1955- ほか",シュプリンガー・フェアラーク東京,200406,Yes,https://opac.dl.itc.u-tokyo.ac.jp/opac/opac_openurl?ncid=BA67708955
https://bookmeter.com/books/255907,4791711734,Not_found_in_GoogleBooks,Not_found_in_GoogleBooks,Not_found_in_GoogleBooks,Not_found_in_GoogleBooks,No,
https://bookmeter.com/books/11103998,4106106825,歴史問題の正解,"有馬,哲夫,1953-",新潮社,201608,Yes,https://opac.dl.itc.u-tokyo.ac.jp/opac/opac_openurl?ncid=BB2183607X
https://bookmeter.com/books/389349,4121600746,モナドロジー ; 形而上学叙説,"Leibniz, Gottfried Wilhelm, Freiherr von,清水, 富雄,竹田, 篤司,飯塚, 勝久,下村, 寅太郎,ライプニッツ [著] ; 清水富雄, 竹田篤司, 飯塚勝久訳",中央公論新社,"Fri, 29 Mar 2024 09:07:28 +0900",Yes,https://opac.dl.itc.u-tokyo.ac.jp/opac/opac_openurl?ncid=BA70665770
https://bookmeter.com/books/567488,416660192X,謎の大王継体天皇,"水谷,千秋,1962-",文藝春秋,200109,No,
https://bookmeter.com/books/10784803,4480068821,現代思想史入門,船木亨／著,筑摩書房,20160405,Yes,https://opac.dl.itc.u-tokyo.ac.jp/opac/opac_openurl?ncid=BB21001760
https://bookmeter.com/books/14994564,400431822X,新実存主義,"Gabriel,Markus,1980- 廣瀬,覚",岩波書店,202001,Yes,https://opac.dl.itc.u-tokyo.ac.jp/opac/opac_openurl?ncid=BB29553261
https://bookmeter.com/books/575561,4121019997,現代哲学の名著 : 20世紀の20冊,"熊野,純彦,1958-",中央公論新社,200905,Yes,https://opac.dl.itc.u-tokyo.ac.jp/opac/opac_openurl?ncid=BA90017809
https://bookmeter.com/books/535700,4004309875,歴史のなかの天皇,"吉田,孝,1933-2016",岩波書店,200601,Yes,https://opac.dl.itc.u-tokyo.ac.jp/opac/opac_openurl?ncid=BA75102389
https://bookmeter.com/books/23161,4480061827,哲学マップ　,貫成人／著,筑摩書房,20040701,Yes,https://opac.dl.itc.u-tokyo.ac.jp/opac/opac_openurl?ncid=BA67725138
https://bookmeter.com/books/4607402,4480066462,分析哲学講義,青山拓央／著,筑摩書房,20120201,Yes,https://opac.dl.itc.u-tokyo.ac.jp/opac/opac_openurl?ncid=BB08197806
https://bookmeter.com/books/510915,4004310083,西洋哲学史 : 近代から現代へ,"熊野,純彦,1958-",岩波書店,200609,Yes,https://opac.dl.itc.u-tokyo.ac.jp/opac/opac_openurl?ncid=BA78401229
https://bookmeter.com/books/13717574,4065160146,ニック・ランドと新反動主義 : 現代世界を覆う〈ダーク〉な思想,"木澤,佐登志,1988-",講談社 ,201905,Yes,https://opac.dl.itc.u-tokyo.ac.jp/opac/opac_openurl?ncid=BB28287275
https://bookmeter.com/books/9977749,4004315727,「私」をつくる : 近代小説の試み,"安藤,宏,1958-",岩波書店,201511,Yes,https://opac.dl.itc.u-tokyo.ac.jp/opac/opac_openurl?ncid=BB19984245
https://bookmeter.com/books/432964,4004000084,哲学入門　改版,三木清,岩波書店,1949-01,Yes,https://opac.dl.itc.u-tokyo.ac.jp/opac/opac_openurl?ncid=BN01936098
https://bookmeter.com/books/328704,4004310512,日本の近現代史をどう見るか,岩波書店,岩波書店,201002,Yes,https://opac.dl.itc.u-tokyo.ac.jp/opac/opac_openurl?ncid=BB01135480
https://bookmeter.com/books/4022014,4004313252,古代国家はいつ成立したか,"都出,比呂志,1942-",岩波書店,201108,Yes,https://opac.dl.itc.u-tokyo.ac.jp/opac/opac_openurl?ncid=BB06470904
https://bookmeter.com/books/6990473,4121022289,日本の財政 : 再建の道筋と予算制度,"田中,秀明,1960-",中央公論新社,201308,Yes,https://opac.dl.itc.u-tokyo.ac.jp/opac/opac_openurl?ncid=BB13252845
https://bookmeter.com/books/418922,4004304571,科学論入門,"佐々木,力,1947-2020",岩波書店,199608,Yes,https://opac.dl.itc.u-tokyo.ac.jp/opac/opac_openurl?ncid=BN1487632X
https://bookmeter.com/books/4336943,4140883650,「科学的思考」のレッスン : 学校で教えてくれないサイエンス,"戸田山,和久,1958-",NHK出版,201111,Yes,https://opac.dl.itc.u-tokyo.ac.jp/opac/opac_openurl?ncid=BB07276190
https://bookmeter.com/books/7997947,448006768X,哲学入門,戸田山和久／著,筑摩書房,20140301,Yes,https://opac.dl.itc.u-tokyo.ac.jp/opac/opac_openurl?ncid=BB15043110
https://bookmeter.com/books/594214,4121020561,日本語作文術 : 伝わる文章を書くために,"野内,良三,1944-",中央公論新社,201005,Yes,https://opac.dl.itc.u-tokyo.ac.jp/opac/opac_openurl?ncid=BB02066543
https://bookmeter.com/books/11185178,4480069208,図説　科学史入門,橋本毅彦／著,筑摩書房,20161107,Yes,https://opac.dl.itc.u-tokyo.ac.jp/opac/opac_openurl?ncid=BB22409868
https://bookmeter.com/books/7997692,4480067671,日本語の近代,今野真二／著,筑摩書房,20140301,Yes,https://opac.dl.itc.u-tokyo.ac.jp/opac/opac_openurl?ncid=BB15100950
https://bookmeter.com/books/2652297,4061178881,考える・学ぶ・記憶する : そのとき脳では何が起こっているか,Ｖｅｓｔｅｒ‖Ｆｒｅｄｅｒｉｃ,講談社,1976-01,Yes,https://opac.dl.itc.u-tokyo.ac.jp/opac/opac_openurl?ncid=BN01791927
https://bookmeter.com/books/44989,4004302102,量子力学入門 : 現代科学のミステリー,"並木,美喜雄,1925-",岩波書店,199201,Yes,https://opac.dl.itc.u-tokyo.ac.jp/opac/opac_openurl?ncid=BN07096648
https://bookmeter.com/books/12880618,4065123844,文系と理系はなぜ分かれたのか,"隠岐,さや香",講談社,201808,Yes,https://opac.dl.itc.u-tokyo.ac.jp/opac/opac_openurl?ncid=BB2669895X
https://bookmeter.com/books/3146255,4121021053,昭和天皇 : 「理性の君主」の孤独,"古川,隆久,1962-",中央公論新社,201104,Yes,https://opac.dl.itc.u-tokyo.ac.jp/opac/opac_openurl?ncid=BB05491137
https://bookmeter.com/books/4716011,4121021584,神道とは何か : 神と仏の日本史,"伊藤,聡,1961-",中央公論新社,201204,Yes,https://opac.dl.itc.u-tokyo.ac.jp/opac/opac_openurl?ncid=BB08972029
https://bookmeter.com/books/212031,4061494031,<自己責任>とは何か,"桜井,哲夫,1949-",講談社,199805,No,
https://bookmeter.com/books/575771,4121017900,批評理論入門 : 『フランケンシュタイン』解剖講義,"広野,由美子,1958-",中央公論新社,200503,Yes,https://opac.dl.itc.u-tokyo.ac.jp/opac/opac_openurl?ncid=BA71381553
https://bookmeter.com/books/600951,4062720582,IT革命根拠なき熱狂,"柳沢, 賢一郎, 1944-,柳沢賢一郎 [著]",講談社,"Fri, 19 Nov 2004 08:59:59 +0900",Yes,https://opac.dl.itc.u-tokyo.ac.jp/opac/opac_openurl?ncid=BA51507488
https://bookmeter.com/books/430435,4121019865,科学の世界と心の哲学 : 心は科学で解明できるか,"小林,道夫,1945-2015",中央公論新社,200902,Yes,https://opac.dl.itc.u-tokyo.ac.jp/opac/opac_openurl?ncid=BA8914988X
https://bookmeter.com/books/11604424,4004316502,日本の近代とは何であったか : 問題史的考察,"三谷,太一郎,1936-",岩波書店,201703,Yes,https://opac.dl.itc.u-tokyo.ac.jp/opac/opac_openurl?ncid=BB23314905
https://bookmeter.com/books/9046009,4121023005,フランス現代思想史 : 構造主義からデリダ以後へ,"岡本,裕一朗,1954-",中央公論新社,201501,Yes,https://opac.dl.itc.u-tokyo.ac.jp/opac/opac_openurl?ncid=BB17760633
https://bookmeter.com/books/498986,4004311225,不可能性の時代,"大沢,真幸,1958-",岩波書店,200804,Yes,https://opac.dl.itc.u-tokyo.ac.jp/opac/opac_openurl?ncid=BA85597470
https://bookmeter.com/books/651589,4569774822,相対性理論から100年でわかったこと,"佐藤,勝彦,1945-",PHP研究所,201010,Yes,https://opac.dl.itc.u-tokyo.ac.jp/opac/opac_openurl?ncid=BB03467980
https://bookmeter.com/books/10989732,4800309441,増補 The New Food Another Sugar Mass Ballerina Handbook,,,,No,
https://bookmeter.com/books/543229,4121017048,教養主義の没落 : 変わりゆくエリート学生文化,"竹内,洋,1942-",中央公論新社,200307,Yes,https://opac.dl.itc.u-tokyo.ac.jp/opac/opac_openurl?ncid=BA62949251
https://bookmeter.com/books/9760876,4004315506,ポスト資本主義 : 科学・人間・社会の未来,"広井,良典,1961-",岩波書店,201506,Yes,https://opac.dl.itc.u-tokyo.ac.jp/opac/opac_openurl?ncid=BB18868555
https://bookmeter.com/books/466185,4004309603,大型店とまちづくり : 規制進むアメリカ、模索する日本,"矢作,弘,1947-",岩波書店,200507,Yes,https://opac.dl.itc.u-tokyo.ac.jp/opac/opac_openurl?ncid=BA72668882
https://bookmeter.com/books/477384,406149466X,ゲーデルの哲学 : 不完全性定理と神の存在論,"高橋,昌一郎,1959-",講談社,199908,Yes,https://opac.dl.itc.u-tokyo.ac.jp/opac/opac_openurl?ncid=BA42635443
https://bookmeter.com/books/21177485,0817637435,Prime numbers and computer methods for factorization,,Birkhäuser,1994,Yes,https://opac.dl.itc.u-tokyo.ac.jp/opac/opac_openurl?ncid=BA23713459
https://bookmeter.com/books/102895,0387339981,An introduction to kolmogorov complexity and its applications,"Li,Ming／著 Vitányi,P.M.B.／著 VitanyiPaul／著",Springer,c2008-01,No,
https://bookmeter.com/books/3152664,0763706205,"Foundations of Algorithms Using C++ Pseudocode, Second Edition","Neapolitan, Richard E.,Naimipour, Kumarss",Jones & Bartlett Learning,1998-12-31,No,
https://bookmeter.com/books/10808132,1584884347,Combinatorics of Permutations (Discrete Mathematics and Its Applications),Miklos Bona,Chapman and Hall/CRC,2004-06-25,Yes,https://opac.dl.itc.u-tokyo.ac.jp/opac/opac_openurl?ncid=BA68309117
https://bookmeter.com/books/5453377,3540600876,Scheduling Algorithms,Peter Brucker,Springer-Verlag,1995,Yes,https://opac.dl.itc.u-tokyo.ac.jp/opac/opac_openurl?ncid=BA25958311
https://bookmeter.com/books/22070970,0521409888,Primes and Programming,"Giblin, Peter J.",Cambridge University Press,1993-09-24,Yes,https://opac.dl.itc.u-tokyo.ac.jp/opac/opac_openurl?ncid=BA20786922
https://bookmeter.com/books/5622987,0199290938,Donald Davidson's Truth-Theoretic Semantics,"Lepore, Ernest,Ludwig, Kirk",Clarendon Press,2007-03-01,No,
https://bookmeter.com/books/22070969,0521381657,Matroid applications / edited by Neil White,"White,Neil,1945-",Cambridge University Press,1992,Yes,https://opac.dl.itc.u-tokyo.ac.jp/opac/opac_openurl?ncid=BA13817709
https://bookmeter.com/books/4616496,1904987346,Incompleteness in the Land of Sets (Studies in Logic),Melvin Fitting,College Publications,2007-02-19,No,
https://bookmeter.com/books/22070966,0201041154,Elements of Algebra and Algebraic Computing,"Lipson, John D.",Addison Wesley Publishing Company,1981-01,Yes,https://opac.dl.itc.u-tokyo.ac.jp/opac/opac_openurl?ncid=BA00470584
https://bookmeter.com/books/2306989,3110112132,Subgroup Lattices of Groups (de Gruyter Expositions in Mathematics),"Schmidt, Roland",De Gruyter,1994-08-01,Yes,https://opac.dl.itc.u-tokyo.ac.jp/opac/opac_openurl?ncid=BA23567754
https://bookmeter.com/books/4035064,0387906886,Cohomology of groups,"Brown,KennethS.／著",Springer-Verlag,1982,Yes,https://opac.dl.itc.u-tokyo.ac.jp/opac/opac_openurl?ncid=BA00119801
https://bookmeter.com/books/7435024,3540659412,"Applied Finite Group Actions (Algorithms and Combinatorics, 19)",Adalbert Kerber,Springer,1999-08-18,Yes,https://opac.dl.itc.u-tokyo.ac.jp/opac/opac_openurl?ncid=BA42960502
https://bookmeter.com/books/7450362,0521462584,Modules and Rings,"Dauns, John",Cambridge University Press,1994-10-28,Yes,https://opac.dl.itc.u-tokyo.ac.jp/opac/opac_openurl?ncid=BA23910813
https://bookmeter.com/books/2616245,3540649654,"Notes on Infinite Permutation Groups (Lecture Notes in Mathematics, 1698)","Bhattacharjee, Meenaxi,Möller, Rögnvaldur G.,Macpherson, Dugald,Neumann, Peter M.",Springer,1998-11-20,Yes,https://opac.dl.itc.u-tokyo.ac.jp/opac/opac_openurl?ncid=BA38749245
https://bookmeter.com/books/5309274,0198534515,Groups and Geometry,"Neumann, Peter M.,Stoy, Gabrielle A.,Thompson, the late Edward C.",Oxford University Press,1994-03-24,Yes,https://opac.dl.itc.u-tokyo.ac.jp/opac/opac_openurl?ncid=BA21837166
https://bookmeter.com/books/5465081,082185187X,The Reconstruction of Trees from Their Automorphism Groups (Contemporary Mathematics),"Rubin, Matatyahu",Amer Mathematical Society,1994,Yes,https://opac.dl.itc.u-tokyo.ac.jp/opac/opac_openurl?ncid=BA21002766
https://bookmeter.com/books/616972,4535601062,数学の基礎,"島内,剛一",日本評論社,1971-01,Yes,https://opac.dl.itc.u-tokyo.ac.jp/opac/opac_openurl?ncid=BN00674972
https://bookmeter.com/books/5383117,0521604907,"Topics in Ergodic Theory (Cambridge Tracts in Mathematics, Series Number 75)","Parry, William",Cambridge University Press,2004-06-03,Yes,https://opac.dl.itc.u-tokyo.ac.jp/opac/opac_openurl?ncid=BA69247707
https://bookmeter.com/books/7456201,1568810539,Polynomial Invariants of Finite Groups (Research Notes in Mathematics),"Smith, Larry",A K Peters/CRC Press,1995-04-15,Yes,https://opac.dl.itc.u-tokyo.ac.jp/opac/opac_openurl?ncid=BA24950959
https://bookmeter.com/books/5395843,0801869471,"Adventures in Group Theory: Rubik's Cube, Merlin's Machine, and Other Mathematical Toys","Joyner, David",Johns Hopkins University Press,2002-06-06,Yes,https://opac.dl.itc.u-tokyo.ac.jp/opac/opac_openurl?ncid=BA58177290
https://bookmeter.com/books/11648959,052144926X,"Local Representation Theory: Modular Representations as an Introduction to the Local Representation Theory of Finite Groups (Cambridge Studies in Advanced Mathematics, Series Number 11)","Alperin, J. L.",Cambridge University Press,1993-09-24,Yes,https://opac.dl.itc.u-tokyo.ac.jp/opac/opac_openurl?ncid=BA20952602
https://bookmeter.com/books/4385223,0201555409,Algebra,"Lang,Serge",Addison-Wesley,1993-11,Yes,https://opac.dl.itc.u-tokyo.ac.jp/opac/opac_openurl?ncid=BA1904731X
https://bookmeter.com/books/2957509,4563003026,平面立体幾何学,黒須康之介,培風館,1957-01,Yes,https://opac.dl.itc.u-tokyo.ac.jp/opac/opac_openurl?ncid=BN01757838
https://bookmeter.com/books/2593035,4431706038,数,"Ebbinghaus, Heinz-Dieter, 1939-,成木, 勇夫, 1944-,H.-D.エビングハウス 他著,成木勇夫 訳",シュプリンガー・フェアラーク東京,"Wed, 23 Oct 1991 09:00:00 +0900",Yes,https://opac.dl.itc.u-tokyo.ac.jp/opac/opac_openurl?ncid=BN06313059
https://bookmeter.com/books/1120208,443170602X,数 上,"Ebbinghaus,Heinz-Dieter,1939- 成木,勇夫,1944-",シュプリンガー・フェアラーク東京,199105,Yes,https://opac.dl.itc.u-tokyo.ac.jp/opac/opac_openurl?ncid=BN06313059
https://bookmeter.com/books/5448662,0387405100,The Theory of Finite Groups: An Introduction (Universitext),"Kurzweil, Hans,Stellmacher, Bernd",Springer,2003-11-06,Yes,https://opac.dl.itc.u-tokyo.ac.jp/opac/opac_openurl?ncid=BA65221701
https://bookmeter.com/books/924533,0387950672,"The symmetric group : representations, combinatorial algorithms, and symmetric functions","Sagan,BruceEli",Springer,2001,Yes,https://opac.dl.itc.u-tokyo.ac.jp/opac/opac_openurl?ncid=BA51931979
https://bookmeter.com/books/5734318,0387942858,An introduction to the theory of groups,"Rotman,JosephJ.／著",Springer-Verlag,c1995-01,Yes,https://opac.dl.itc.u-tokyo.ac.jp/opac/opac_openurl?ncid=BA23879214
https://bookmeter.com/books/5867467,0387940928,A Course in the Theory of Groups (Graduate Texts in Mathematics),Derek J.S. Robinson,Springer,1993,Yes,https://opac.dl.itc.u-tokyo.ac.jp/opac/opac_openurl?isbn=0387940928
https://bookmeter.com/books/10756362,052166103X,"Permutation Group Algorithms (Cambridge Tracts in Mathematics, Series Number 152)","Seress, Ákos",Cambridge University Press,2003-03-17,Yes,https://opac.dl.itc.u-tokyo.ac.jp/opac/opac_openurl?ncid=BA62080545
https://bookmeter.com/books/7452094,0201578891,Elementary Number Theory and Its Applications,"Rosen, Kenneth H.",Addison-Wesley,1992,Yes,https://opac.dl.itc.u-tokyo.ac.jp/opac/opac_openurl?ncid=BA18253178
https://bookmeter.com/books/364051,4535784205,チャレンジ!整数の問題199,"水上, 勉, 1956-,黒川, 信重, 1952-,水上勉 著,黒川信重 監修",日本評論社,"Wed, 25 May 2005 19:16:53 +0900",Yes,https://opac.dl.itc.u-tokyo.ac.jp/opac/opac_openurl?ncid=BA71763152
https://bookmeter.com/books/5028866,0071126716,Foundations of Abstract Mathematics,David C. Kurtz,McGraw-Hill Education (ISE Editions),1992-06-01,No,
https://bookmeter.com/books/4336419,4946552065,距離空間と位相空間,"高橋,渉,1944-",横浜図書,200110,Yes,https://opac.dl.itc.u-tokyo.ac.jp/opac/opac_openurl?ncid=BA54169268
https://bookmeter.com/books/2829654,0070501386,A Book of Abstract Algebra,"Pinter, Charles C.",McGraw-Hill College,1989-10-01,No,
https://bookmeter.com/books/4504965,1568812620,Fundamentals of mathematical logic,"Hinman,PeterG.",A.K. Peters,2005,Yes,https://opac.dl.itc.u-tokyo.ac.jp/opac/opac_openurl?ncid=BA75430741
https://bookmeter.com/books/250848,4781912141,C言語による計算の理論,"鹿島,亮",サイエンス社,200810,Yes,https://opac.dl.itc.u-tokyo.ac.jp/opac/opac_openurl?ncid=BA87291019
https://bookmeter.com/books/872752,4842914335,論理体系と代数モデル,青山広／著 愛知非古典論理研究会／著,八千代出版,20070301,No,
https://bookmeter.com/books/2234330,4563015652,情報科学のための論理分析テクニック,"戸田, 誠之助, 1959-,戸田誠之助 著",培風館,"Sat, 21 Jul 2007 00:49:23 +0900",Yes,https://opac.dl.itc.u-tokyo.ac.jp/opac/opac_openurl?ncid=BA82225662
https://bookmeter.com/books/8734170,1568811748,"Inexhaustibility: A Non-Exhaustive Treatment: Lecture Notes in Logic 16 (Lecture Notes in Logic, 16, 16)","Franzén, Torkel",A K Peters/CRC Press,2004-09-02,Yes,https://opac.dl.itc.u-tokyo.ac.jp/opac/opac_openurl?ncid=BA68928108
https://bookmeter.com/books/22070934,052170877X,The Mathematics of Logic: A Guide to Completeness Theorems and their Applications,"Kaye, Richard W.",Cambridge University Press,2007-07-30,Yes,https://opac.dl.itc.u-tokyo.ac.jp/opac/opac_openurl?ncid=BA82538238
https://bookmeter.com/books/8258603,0983700400,An Early History of Recursive Functions and Computability from Godel to Turing,"Adams, Rod",Docent Press,2011-05-28,No,
https://bookmeter.com/books/7037021,0444863885,Handbook of mathematical logic,,North-Holland Pub. Co.,1977,Yes,https://opac.dl.itc.u-tokyo.ac.jp/opac/opac_openurl?ncid=BA01039344
https://bookmeter.com/books/8283489,0937073296,A Manual of Intensional Logic: 2nd Edition (Volume 1) (Lecture Notes),"van Benthem, Johan",Center for the Study of Language and Inf,2002-11-27,Yes,https://opac.dl.itc.u-tokyo.ac.jp/opac/opac_openurl?ncid=BA04966843
https://bookmeter.com/books/3067722,0521621127,"The Optimal Implementation of Functional Programming Languages (Cambridge Tracts in Theoretical Computer Science, Series Number 45)","Asperti, Andrea,Guerrini, Stefano",Cambridge University Press,1999-01-28,No,
https://bookmeter.com/books/8380635,0198538405,Lambda Calculi: A Guide for Computer Scientists (Graduate Texts in Computer Science),"Hankin, Chris",Oxford University Press,1995-04-27,Yes,https://opac.dl.itc.u-tokyo.ac.jp/opac/opac_openurl?ncid=BA2399739X
https://bookmeter.com/books/279649,4320016823,数理論理学,"松本,和夫,1922-",共立出版,200108,Yes,https://opac.dl.itc.u-tokyo.ac.jp/opac/opac_openurl?ncid=BA53199671
https://bookmeter.com/books/3369425,1405145757,A Companion to Philosophical Logic,,Wiley-Blackwell,2005-11-11,No,
https://bookmeter.com/books/4587550,0521844258,Elements of Automata Theory,"Sakarovitch, Jacques",Cambridge University Press,2009-10-26,Yes,https://opac.dl.itc.u-tokyo.ac.jp/opac/opac_openurl?ncid=BA91851795
https://bookmeter.com/books/287287,4875662742,数学嫌いのためのコンピュータ論理学 : 何でも「計算」になる根本原理,"Davis,Martin,1928- 岩山,知三郎,1954-",コンピュータ・エージ社,200307,Yes,https://opac.dl.itc.u-tokyo.ac.jp/opac/opac_openurl?ncid=BA63105812
https://bookmeter.com/books/2306032,0486450260,Topoi: The Categorial Analysis of Logic (Dover Books on Mathematics),"Goldblatt, Robert",Dover Publications,2006-04-28,No,
https://bookmeter.com/books/93919,4627848315,Cとアセンブリ言語で学ぶ計算機プログラミングの基礎概念 : プログラムはプロセッサ上でどのように実行されるのか,"角川,裕次",森北出版,200811,Yes,https://opac.dl.itc.u-tokyo.ac.jp/opac/opac_openurl?ncid=BA88195382
https://bookmeter.com/books/9800245,4627852711,例解図説オートマトンと形式言語入門,"岡留,剛",森北出版,201508,Yes,https://opac.dl.itc.u-tokyo.ac.jp/opac/opac_openurl?ncid=BB19486951
https://bookmeter.com/books/346632,0486683702,First-order logic,"Smullyan,RaymondM／著",Dover,c1995-01,No,
https://bookmeter.com/books/2414766,3540506292,Lectures on the Geometry of Numbers,"Siegel, Carl Ludwig",Springer,1989-11-16,Yes,https://opac.dl.itc.u-tokyo.ac.jp/opac/opac_openurl?ncid=BA07664647
https://bookmeter.com/books/20906033,0387945326,"Discrete Probability and Algorithms (The IMA Volumes in Mathematics and its Applications, 72)",,Springer,1995-06-29,Yes,https://opac.dl.itc.u-tokyo.ac.jp/opac/opac_openurl?ncid=BA25533516
https://bookmeter.com/books/1847401,0691117047,Small worlds : the dynamics of networks between order and randomness,"Watts,DuncanJ／著",Princeton University Press,"2004, c1999-01",Yes,https://opac.dl.itc.u-tokyo.ac.jp/opac/opac_openurl?ncid=BA74333295
https://bookmeter.com/books/4696481,3540649174,"Online Algorithms: The State of the Art (Lecture Notes in Computer Science, 1442)",,Springer,1998-08-12,Yes,https://opac.dl.itc.u-tokyo.ac.jp/opac/opac_openurl?ncid=BA37404033
https://bookmeter.com/books/5599795,3540633693,A History of Algorithms: From the Pebble to the Microchip,"Chabert, Jean-Luc",Springer,1999-08-20,Yes,https://opac.dl.itc.u-tokyo.ac.jp/opac/opac_openurl?ncid=BA43130340
https://bookmeter.com/books/3064286,0198568614,Category theory,"Awodey,Steve",Oxford University Press,2006,Yes,https://opac.dl.itc.u-tokyo.ac.jp/opac/opac_openurl?ncid=BA77253749
https://bookmeter.com/books/430671,0262660717,Basic Category Theory for Computer Scientists (Foundations of Computing),"Pierce, Benjamin C.",The MIT Press,1991-08-07,Yes,https://opac.dl.itc.u-tokyo.ac.jp/opac/opac_openurl?ncid=BA13076246
https://bookmeter.com/books/11247938,4621300709,ベーシック圏論 : 普遍性からの速習コース,"Leinster,Tom,1971- 斎藤,恭司,1944- 土岡,俊介",丸善出版,201701,Yes,https://opac.dl.itc.u-tokyo.ac.jp/opac/opac_openurl?ncid=BB22973553
https://bookmeter.com/books/9823907,4535787204,圏論の歩き方 = Category Theory Trotters,,日本評論社,201509,Yes,https://opac.dl.itc.u-tokyo.ac.jp/opac/opac_openurl?ncid=BB19498586
https://bookmeter.com/books/1960609,3540634460,Algebraic aspects of cryptography,"Koblitz,Neal",Springer,1998,Yes,https://opac.dl.itc.u-tokyo.ac.jp/opac/opac_openurl?ncid=BA34262806
https://bookmeter.com/books/22070917,0821851926,"A Primer on Pseudorandom Generators (University Lecture Series, 55)",Oded Goldreich,American Mathematical Society,2010-08-09,Yes,https://opac.dl.itc.u-tokyo.ac.jp/opac/opac_openurl?ncid=BB03072086
https://bookmeter.com/books/5133141,354064766X,"Modern cryptography, probabilistic proofs and pseudorandomness","Goldreich,Oded",Springer-Verlag,1999,Yes,https://opac.dl.itc.u-tokyo.ac.jp/opac/opac_openurl?ncid=BA38819522
https://bookmeter.com/books/4679130,1933019026,Foundations of Cryptography: A Primer,"Goldreich, Oded",Now Publishers Inc,2005-04-05,Yes,https://opac.dl.itc.u-tokyo.ac.jp/opac/opac_openurl?ncid=BA83587002
https://bookmeter.com/books/5463938,0849385210,Cryptography: Theory and Practice (Discrete Mathematics and Its Applications),,CRC-Press,1995-05-17,Yes,https://opac.dl.itc.u-tokyo.ac.jp/opac/opac_openurl?ncid=BA25246955
https://bookmeter.com/books/1092262,1568810822,The Mathematics of Ciphers: Number Theory and RSA Cryptography,"Coutinho, S.C.",A K Peters/CRC Press,1999-01-15,Yes,https://opac.dl.itc.u-tokyo.ac.jp/opac/opac_openurl?ncid=BA42024767
https://bookmeter.com/books/628942,4320026330,暗号理論入門,"岡本,栄司,1950-",共立出版,199302,Yes,https://opac.dl.itc.u-tokyo.ac.jp/opac/opac_openurl?ncid=BN08692559
https://bookmeter.com/books/114470,4563014540,暗号と認証,情報理論とその応用学会,培風館,199612,Yes,https://opac.dl.itc.u-tokyo.ac.jp/opac/opac_openurl?ncid=BN1558025X
https://bookmeter.com/books/5337503,052111991X,"Foundations of Cryptography: Volume 2, Basic Applications","Goldreich, Oded",Cambridge University Press,2009-09-17,Yes,https://opac.dl.itc.u-tokyo.ac.jp/opac/opac_openurl?ncid=BA81122223
https://bookmeter.com/books/3507777,0521035368,"Foundations of Cryptography: Volume 1, Basic Tools","Goldreich, Oded",Cambridge University Press,2008-08-21,Yes,https://opac.dl.itc.u-tokyo.ac.jp/opac/opac_openurl?ncid=BA81122223
https://bookmeter.com/books/116887,478285353X,現代暗号,"岡本,竜明,1952- 山本,博資,1952-",産業図書,199706,Yes,https://opac.dl.itc.u-tokyo.ac.jp/opac/opac_openurl?ncid=BA31225064
https://bookmeter.com/books/5290183,3528064978,Lattices and codes: A course partially based on lectures by F. Hirzebruch (Advanced lectures in mathematics),"Ebeling, Wolfgang",Vieweg,1994,Yes,https://opac.dl.itc.u-tokyo.ac.jp/opac/opac_openurl?ncid=BA22995989
https://bookmeter.com/books/5338666,1439807027,Lattice basis reduction : an introduction to the LLL algorithm and its applications,BremnerMurrayR.／著,Chapman & Hall/CRC,c2012-01,Yes,https://opac.dl.itc.u-tokyo.ac.jp/opac/opac_openurl?ncid=BB06875699
https://bookmeter.com/books/274194,4000056425,楕円曲線入門,"Cassels,JohnWilliamScott,1922- 徳永,浩雄,1961-",岩波書店,199601,Yes,https://opac.dl.itc.u-tokyo.ac.jp/opac/opac_openurl?ncid=BN13777399
https://bookmeter.com/books/184483,4431710256,暗号と確率的アルゴリズム入門 : 数学理論と応用,"Delfs,Hans Knebl,Helmut 林,芳樹,1954-",シュプリンガー・フェアラーク東京,200312,Yes,https://opac.dl.itc.u-tokyo.ac.jp/opac/opac_openurl?ncid=BA65253537
https://bookmeter.com/books/116890,4431708642,現代暗号・確率的証明・擬似乱数,"Goldreich,Oded 岡本,竜明,1952- 藤崎,英一郎",シュプリンガー・フェアラーク東京,200112,Yes,https://opac.dl.itc.u-tokyo.ac.jp/opac/opac_openurl?ncid=BA54776078
https://bookmeter.com/books/34419,4431706836,楕円曲線論入門,SilvermanJesephH.／著 TateJohn／著 テイトJ.／著 小松啓一／翻訳 ほか,シュプリンガー・フェアラーク東京,1995-11,Yes,https://opac.dl.itc.u-tokyo.ac.jp/opac/opac_openurl?ncid=BN13363068
https://bookmeter.com/books/184485,4431712275,暗号理論のための格子の数学,"Micciancio,Daniele Goldwasser,Shafi,1958- ほか",シュプリンガー・ジャパン,200611,Yes,https://opac.dl.itc.u-tokyo.ac.jp/opac/opac_openurl?ncid=BA79493594
https://bookmeter.com/books/114835,4894714310,楕円曲線暗号,"Blake,IanF Seroussi,Gadiel,1955- Smart,NigelPaul,1967- ほか",ピアソン・エデュケーション,200112,Yes,https://opac.dl.itc.u-tokyo.ac.jp/opac/opac_openurl?ncid=BA54753709
https://bookmeter.com/books/11986521,4798148814,暗号技術のすべて = CIPHER and CODE : ALGORITHMS FOR SECURE SYSTEMS,"IPUSIRON,1979-",翔泳社,201708,Yes,https://opac.dl.itc.u-tokyo.ac.jp/opac/opac_openurl?ncid=BB24183063
https://bookmeter.com/books/17553721,3642261647,The LLL Algorithm: Survey and Applications (Information Security and Cryptography),"Phong Q. Nguyen (editor),Brigitte Vall?e (editor)",Springer,2012-03-14,Yes,https://opac.dl.itc.u-tokyo.ac.jp/opac/opac_openurl?ncid=BB0081645X
https://bookmeter.com/books/2222871,4781905633,基礎暗号学 : 情報セキュリティのために 2,"加藤,正隆,1917-",サイエンス社,198911,Yes,https://opac.dl.itc.u-tokyo.ac.jp/opac/opac_openurl?ncid=BN03868126
https://bookmeter.com/books/184480,4797317027,RSA : 暗号技術の基礎からC++による実装まで,"橋本,晋之介,1965-",ソフトバンクパブリッシング,200112,Yes,https://opac.dl.itc.u-tokyo.ac.jp/opac/opac_openurl?ncid=BA55120355
https://bookmeter.com/books/22070721,3764358882,"Number Theoretic Methods in Cryptography: Complexity lower bounds (Progress in Computer Science and Applied Logic, 17)","Shparlinski, Igor",Birkhäuser,1999-03-19,Yes,https://opac.dl.itc.u-tokyo.ac.jp/opac/opac_openurl?ncid=BA41390792
https://bookmeter.com/books/117158,3540221476,Complexity Theory and Cryptology,"Rothe, Jörg",Springer,2005-07-22,Yes,https://opac.dl.itc.u-tokyo.ac.jp/opac/opac_openurl?isbn=3540221476
https://bookmeter.com/books/8002404,3540668713,Decrypted Secrets: Methods and Maxims of Cryptology,"Bauer, F.L.",Springer-Verlag Telos,2000,Yes,https://opac.dl.itc.u-tokyo.ac.jp/opac/opac_openurl?ncid=BA46849074
https://bookmeter.com/books/4635912,3540422781,Introduction to Cryptography,"Delfs, Hans,Knebl, Helmut","Secaucus, New Jersey, U.S.A.: Springer Verlag",2002,Yes,https://opac.dl.itc.u-tokyo.ac.jp/opac/opac_openurl?ncid=BA5582348X
https://bookmeter.com/books/22070907,3540613560,Public-Key Cryptography (Texts in Theoretical Computer Science. An EATCS Series),"Salomaa, Arto",Springer,1996-10-25,Yes,https://opac.dl.itc.u-tokyo.ac.jp/opac/opac_openurl?ncid=BA28734230
https://bookmeter.com/books/591511,4785386886,明るい暗号の話 : ネットワーク社会のセキュリティ技術,"今井,秀樹,1943-",裳華房,199807,Yes,https://opac.dl.itc.u-tokyo.ac.jp/opac/opac_openurl?ncid=BA36634388
https://bookmeter.com/books/3507971,0521653746,Elliptic curves in cryptography,"Blake,IanF. Seroussi,G.(Gadiel) Smart,N.P.(NigelPaul)",Cambridge University Press,1999,Yes,https://opac.dl.itc.u-tokyo.ac.jp/opac/opac_openurl?ncid=BA42196285
https://bookmeter.com/books/496400,4797350997,暗号技術入門 : 秘密の国のアリス,"結城,浩,1963-",ソフトバンククリエイティブ,200812,Yes,https://opac.dl.itc.u-tokyo.ac.jp/opac/opac_openurl?ncid=BA88058472
https://bookmeter.com/books/10632827,0691025460,Pseudorandomness and Cryptographic Applications (Princeton Computer Science Notes),"Luby, Michael",Princeton University Press,1996-01-08,Yes,https://opac.dl.itc.u-tokyo.ac.jp/opac/opac_openurl?ncid=BA27162539
https://bookmeter.com/books/109596,4501537507,入門 独立成分分析,村田昇／著,東京電機大学出版局,20040710,Yes,https://opac.dl.itc.u-tokyo.ac.jp/opac/opac_openurl?ncid=BA67796974
https://bookmeter.com/books/22070878,0817636587,Algorithms for Random Generation and Counting: A Markov Chain Approach (Progress in Theoretical Computer Science),"Sinclair, A.",Birkhäuser,1993-02-01,Yes,https://opac.dl.itc.u-tokyo.ac.jp/opac/opac_openurl?ncid=BA19822869
https://bookmeter.com/books/1989217,4000109626,情報の組織化,"長尾,真,1936-2021",岩波書店,200007,Yes,https://opac.dl.itc.u-tokyo.ac.jp/opac/opac_openurl?ncid=BA47545676
https://bookmeter.com/books/2339626,4000109685,情報の構造化と検索,"西尾,章治郎,1951-",岩波書店,200003,Yes,https://opac.dl.itc.u-tokyo.ac.jp/opac/opac_openurl?ncid=BA45989602
https://bookmeter.com/books/1809414,4320120736,自動要約,"Mani,Inderjeet 奥村,学,1962- 難波,英嗣,1972- 植田,禎子,1978-",共立出版,200306,Yes,https://opac.dl.itc.u-tokyo.ac.jp/opac/opac_openurl?ncid=BA62452796
https://bookmeter.com/books/227790,4303734306,データマイニング手法 : 営業、マーケティング、カスタマーサポートのための顧客分析,"Berry,MichaelJ.A Linoff,Gordon 江原,淳,1953- ほか",海文堂出版,199909,Yes,https://opac.dl.itc.u-tokyo.ac.jp/opac/opac_openurl?ncid=BA43444553
https://bookmeter.com/books/67407,4274067300,Cによる探索プログラミング : 基礎から遺伝的アルゴリズムまで,"伊庭,斉志,1962-",オーム社,200809,Yes,https://opac.dl.itc.u-tokyo.ac.jp/opac/opac_openurl?ncid=BA8729129X
https://bookmeter.com/books/8390489,0521617936,Introduction to Clustering Large and High-Dimensional Data,"Kogan, Jacob",Cambridge University Press,2006-11-13,Yes,https://opac.dl.itc.u-tokyo.ac.jp/opac/opac_openurl?ncid=BA80259787
https://bookmeter.com/books/1673484,0387987932,Numerical Optimization (Springer Series in Operations Research and Financial Engineering),Jorge Nocedal,Springer,2000,Yes,https://opac.dl.itc.u-tokyo.ac.jp/opac/opac_openurl?ncid=BA43624205
https://bookmeter.com/books/3892283,4785311185,確率論入門,"志村,利雄",裳華房,1977-02,Yes,https://opac.dl.itc.u-tokyo.ac.jp/opac/opac_openurl?ncid=BN01733578
https://bookmeter.com/books/22070877,0521003571,The Discrepancy Method: Randomness and Complexity,"Chazelle, Bernard",Cambridge University Press,2002-01-14,Yes,https://opac.dl.itc.u-tokyo.ac.jp/opac/opac_openurl?ncid=BA48771295
https://bookmeter.com/books/38224,443110013X,パターン認識と機械学習 : ベイズ理論による統計的予測 上,"Bishop,ChristopherM 元田,浩,1943- 栗田,多喜夫 樋口,知之,1961-",シュプリンガー・ジャパン,200712,Yes,https://opac.dl.itc.u-tokyo.ac.jp/opac/opac_openurl?ncid=BA84203117
https://bookmeter.com/books/38377,4431100318,パターン認識と機械学習 : ベイズ理論による統計的予測 下,"Bishop,ChristopherM 元田,浩,1943- 栗田,多喜夫 樋口,知之,1961-",シュプリンガー・ジャパン,200807,Yes,https://opac.dl.itc.u-tokyo.ac.jp/opac/opac_openurl?ncid=BA84203117
https://bookmeter.com/books/1862381,4254126522,パターン認識 : 理論と応用,"大津,展之,1947-",朝倉書店,199607,Yes,https://opac.dl.itc.u-tokyo.ac.jp/opac/opac_openurl?ncid=BN14705553
https://bookmeter.com/books/8609856,1441918086,Random Number Generation and Monte Carlo Methods (Statistics and Computing),"Gentle, James E.",Springer,2010-11-29,No,
https://bookmeter.com/books/8696053,038721948X,Discrete-Time Markov Chains: Two-Time-Scale Methods and Applications (Stochastic Modelling and Applied Probability),Yin G.G.,Springer,2004,Yes,https://opac.dl.itc.u-tokyo.ac.jp/opac/opac_openurl?ncid=BA69923347
https://bookmeter.com/books/1200684,1584885874,Markov chain Monte Carlo : stochastic simulation for Bayesian inference,"Gamerman,Dani LopesHedibertFreitas",Chapman & Hall/CRC,2006-01,Yes,https://opac.dl.itc.u-tokyo.ac.jp/opac/opac_openurl?ncid=BA77389547
https://bookmeter.com/books/46418,4254126654,サンプルサイズの決め方,"永田,靖,1957-数学",朝倉書店,200309,Yes,https://opac.dl.itc.u-tokyo.ac.jp/opac/opac_openurl?ncid=BA63714639
https://bookmeter.com/books/22070876,1933019298,Mathematical Aspects of Mixing Times in Markov Chains (Foundations and Trends(r) in Theoretical Computer Science),"Montenegro, Ravi,Tetali, Prasad",Now Publishers Inc,2006-05-25,No,
https://bookmeter.com/books/11134157,0127519556,Generatingfunctionology,"Wilf, Herbert S.",Academic Press,1990-01,Yes,https://opac.dl.itc.u-tokyo.ac.jp/opac/opac_openurl?ncid=BA09978908
https://bookmeter.com/books/240611,4563008281,入門数理統計学,P.G.ホーエル 浅井晃 村上正康,培風館,1978-01,Yes,https://opac.dl.itc.u-tokyo.ac.jp/opac/opac_openurl?ncid=BN00602541
https://bookmeter.com/books/7727678,0387985913,Discretization and MCMC convergence assessment,"Robert,ChristianP.",Springer,c1998-01,Yes,https://opac.dl.itc.u-tokyo.ac.jp/opac/opac_openurl?ncid=BA37290273
https://bookmeter.com/books/4494366,079237679X,"Learning to Classify Text Using Support Vector Machines (The Springer International Series in Engineering and Computer Science, 668)","Joachims, Thorsten",Springer,2002-04-30,Yes,https://opac.dl.itc.u-tokyo.ac.jp/opac/opac_openurl?ncid=BA57249658
https://bookmeter.com/books/15773108,3764329211,Topics in Combinatorial Group Theory (Lectures in Mathematics. ETH Zürich),"Baumslag, Gilbert",Birkhäuser,1993-09-01,Yes,https://opac.dl.itc.u-tokyo.ac.jp/opac/opac_openurl?ncid=BA20702467
https://bookmeter.com/books/4924347,1402004893,"Handbook of massive data sets / edited by James Abello, Panos M. Pardalos and Mauricio G.C. Resende","Abello,JamesM Pardalos,P.M.(PanosM.),1954- ほか",Kluwer Academic,2002,No,
https://bookmeter.com/books/7461973,0471535885,The probabilistic method,"Alon,Noga Spencer,Joel Erdős,Paul",Wiley,c1992-01,Yes,https://opac.dl.itc.u-tokyo.ac.jp/opac/opac_openurl?ncid=BA1368252X
https://bookmeter.com/books/1206806,0471030031,Statistical learning theory : cloth-,"Vapnik,VladimirNaumovich",John Wiley & Sons,c1998-01,Yes,https://opac.dl.itc.u-tokyo.ac.jp/opac/opac_openurl?ncid=BA38258797
https://bookmeter.com/books/320080,4893621106,パーセプトロン,"Minsky,Marvin,1927-2016 Papert,Seymour 中野,馨 ほか",パーソナルメディア,199312,Yes,https://opac.dl.itc.u-tokyo.ac.jp/opac/opac_openurl?ncid=BN10089786
https://bookmeter.com/books/2156714,4785630752,暗号と情報セキュリティ,"辻井,重男,1933- 笠原,正雄,1936-",昭晃堂,199003,Yes,https://opac.dl.itc.u-tokyo.ac.jp/opac/opac_openurl?ncid=BN0445405X
https://bookmeter.com/books/4346617,0387946187,A probabilistic theory of pattern recognition,"Devroye,Luc Györfi,László Lugosi,Gábor",Springer,c1996-01,Yes,https://opac.dl.itc.u-tokyo.ac.jp/opac/opac_openurl?ncid=BA27550888
https://bookmeter.com/books/7761678,0521599229,"Computational Learning Theory (Cambridge Tracts in Theoretical Computer Science, Series Number 30)","Anthony, M. H. G.,Biggs, N.",Cambridge University Press,1997-03-13,Yes,https://opac.dl.itc.u-tokyo.ac.jp/opac/opac_openurl?ncid=BA31132123
https://bookmeter.com/books/7332373,0387955631,"Survey of Text Mining: Clustering, Classification, and Retrieval",,Springer,2003-09-09,Yes,https://opac.dl.itc.u-tokyo.ac.jp/opac/opac_openurl?ncid=BA64133132
https://bookmeter.com/books/4948112,0792376641,Topic detection and tracking : event-based information organization,"Allan,James",Kluwer Academic Publishers,c2002-01,No,
https://bookmeter.com/books/22070545,0486421457,Lectures on the Coupling Method (Dover Books on Mathematics),"Lindvall, Torgny",Dover Publications,2002-08-30,Yes,https://opac.dl.itc.u-tokyo.ac.jp/opac/opac_openurl?ncid=BA59849962
https://bookmeter.com/books/19835641,0470846798,Applied Data Mining: Statistical Methods for Business and Industry (Statistics in Practice),"Giudici, Paolo",Wiley,2003-10-31,No,
https://bookmeter.com/books/4954830,0262111934,An Introduction to Computational Learning Theory (The MIT Press),"Kearns, Michael J.,Vazirani, Umesh",The MIT Press,1994-08-15,Yes,https://opac.dl.itc.u-tokyo.ac.jp/opac/opac_openurl?ncid=BA23349811
https://bookmeter.com/books/607800,4254127855,計算統計学の方法 : ブートストラップ・EMアルゴリズム・MCMC,"小西,貞則,1948- 越智,義道 大森,裕浩 北川,源四郎,1948- 有川,節夫,1941- ほか",朝倉書店,200803,Yes,https://opac.dl.itc.u-tokyo.ac.jp/opac/opac_openurl?ncid=BA85469710
